"","Treatment","sd","mean","median","IQR","n","se","ci"
"1","CHG",230.844290379367,-283.236784486833,-281.171559859894,164.658848959887,16,57.7110725948417,113.11370228589
"2","CUR",242.298446233134,-361.536900184831,-349.773516828786,289.33754957278,19,55.5870758582713,108.950668682212
"3","TMP",217.60660780994,-221.870574632869,-194.352077900866,329.897568398923,16,54.401651952485,106.627237826871
