"","Treatment","sd","mean","median","IQR","n","se","ci"
"1","CHG",182.075233444674,53.9046046338273,72.3168906118573,150.918004798789,16,45.5188083611684,89.21686438789
"2","CUR",264.098285817519,-57.3085800851401,-78.316693843594,384.232474940638,16,66.0245714543798,129.408160050584
"3","TMP",332.014209392412,-33.5562991154773,12.6210217567976,312.698234852773,15,85.7257002454022,168.022372480988
