"","Treatment","sd","mean","median","IQR","n","se","ci"
"1","CUR",240.47427629893,-315.504349192883,-309.987773323019,248.715441864169,19,55.1685825741113,108.130421845258
"2","CHG",197.194516518408,-244.204196802074,-246.765636088492,171.027830380065,17,47.8266953175296,93.7403228223579
"3","TMP",215.03402465132,-233.997581054078,-210.838181175155,336.999206881154,16,53.7585061628301,105.366672079147
