"","Avg All Points Corrected Slopes","Med All Points Corrected Slopes","All Points Corrected Slopes SD"
"1",53.9046046338273,72.3168906118573,182.075233444674
"2",-57.3085800851401,-78.316693843594,264.098285817519
"3",-33.5562991154773,12.6210217567976,332.014209392412
