"","Treatment","sd","mean","median","IQR","n","se","ci"
"1","CHG",115.012568697489,146.914898313771,102.677129488799,145.344939779403,16,28.7531421743724,56.3561586617698
"2","CUR",149.271133891731,218.594783646367,201.09211907526,144.56906638628,16,37.3177834729328,73.1428556069483
"3","TMP",220.521013287895,242.121901704105,178.991221313512,339.592917503622,15,56.9382807968535,111.599030361833
